FERTE-SAINT-AUBIN (LA ),SAINT-AUBIN
BOUZIES,Bousies
CASTILLON-SAVES,Castillon-Savès
SAINT-PAER,Saint-Pair
MONFERRAN-SAVES,Monferran-Savès
FRANCOULES,Francoulès
AURADE,Auradé
CLERMONT-SAVES,Clermont-Savès
FONTAINE-SOUS-PREAUX,Fontaine-sous-Préaux
SAINT-LEGER-DU-BOURG-DENIS,Saint-Léger-du-Bourg-Denis
FREGOUVILLE,Frégouville
SAINT-AUBIN-EPINAY,Saint-Aubin-Épinay
SAINT-ETIENNE-DU-ROUVRAY,Saint-Étienne-du-Rouvray
NEUVILLE-CHANT-D'OISEL (LA ),La Neuville-Chant-d'Oisel
MONTECHEROUX,Montécheroux
HOUCHES (LES ),Houches
AMFREVILLE-LA-MIVOIE,Amfreville-la-Mi-Voie
JUMIEGES,Jumièges
SAINT-AUBIN-LES-ELBEUF,Saint-Aubin-lès-Elbeuf
SEGOUFIELLE,Ségoufielle
CHATENOY,Catenoy
CLEON,Celon
QUEVREVILLE-LA-POTERIE,Quévreville-la-Poterie
SAINT-JACQUES-SUR-DARNETAL,Saint-Jacques-sur-Darnétal
EPINAY-SUR-DUCLAIR,Épinay-sur-Duclair
SAINT-PIERRE-LES-ELBEUF,Saint-Pierre-lès-Elbeuf
VAILHAUQUES,Vailhauquès
SOTTEVILLE-LES-ROUEN,Sotteville-lès-Rouen
TREVILLERS,Trévillers
URTIERE,Urtière
FERRIERES-LE-LAC,Ferrières-le-Lac
TOURVILLE-LA-RIVIERE,Tourville-la-Rivière
BELLEVILLE (LES),Belleville
CAUDEBEC-LES-ELBEUF,Caudebec-lès-Elbeuf
DEVILLE-LES-ROUEN,Déville-lès-Rouen
BAIE MAHAULT,Baie-Mahault
SAINT-HILAIRE-DU-TOUVET,Saint-Hilaire
PLAINS-ET-GRANDS-ESSARTS (LES),Plains-et-Grands-Essarts
GIEVRES,Gièvres
LONGFOSSE,Longfossé
BUXIERES-D'AILLAC,Buxières-d'Aillac
HENOUVILLE,Hénouville
MONTJOIE-LE-CHATEAU,Montjoie-le-Château
SAINT-MATHIEU-DE-TREVIERS,Saint-Mathieu-de-Tréviers
SAINT-CLEMENT-DE-RIVIERE,Saint-Clément-de-Rivière
SALINS-FONTAINE,Fontaine
SAINT-ANDRE-DE-BUEGES,Saint-André-de-Buèges
SAINTE-AGNES,Sainte-Agnès
ETAMPES,Estampes
DARNETAL,Darnétal
SAINT-MAURICE-DE-NAVACELLES,Saint-Maurice-Navacelles
MEROBERT,Mérobert
PEGAIROLLES-DE-BUEGES,Pégairolles-de-Buèges
OZOIR-LA-FERRIERE,Ozoir-la-Ferrière
SAINT-NICOLAS-DE-LA-HAYE,Saint-Nicolas-de-la-Haie
SAINT-BERNARD-DU-TOUVET,Saint-Bernard
MEREVILLE,Merville
HURTIERES,Hurtières
SAINT-JEAN-DE-LA-BLAQUIERE,Saint-Jean-de-la-Blaquière
AUTELS-VILLEVILLON (LES),Autels-Villevillon
LEDAT,Lédat
VALFLAUNES,Valflaunès
VILLETTE-LES-DOLE,Villette-lès-Dole
ROMIGUIERES,Romiguières
SAINT-PIERRE-LES-NEMOURS,Saint-Pierre-lès-Nemours
FEROLLES-ATTILLY,Férolles-Attilly
LODEVE,Lodève
COLLONGES-LES-PREMIERES,Collonges-lès-Premières
SAINT-GELY-DU-FESC,Saint-Gély-du-Fesc
GLERE,Glère
FONTANES,Fontaines
OBERDORF SPACHBACH,Oberdorf-Spachbach
CHATRES-SUR-CHER,Châtres-sur-Cher
BOISSY-LA-RIVIERE,Boissy-la-Rivière
TERRES-DE-CHAUX (LES),Terres-de-Chaux
MAICHE,Marche
CREMAREST,Crémarest
MENARMONT,Ménarmont
NOTRE-DAME-DU-PRE,Notre-Dame-du-Pré
SAINT-LOUP-SUR-CHER,Saint-Loup
VACQUERIE-ET-SAINT-MARTIN-DE-CA,La Vacquerie-et-Saint-Martin-de-Castries
SAINT-MAURICE-D'ETELAN,Saint-Maurice-d'Ételan
PLESSIS-SAINT-BENOIT (LE ),Plessis-Saint-Benoist
PEGAIROLLES-DE-L'ESCALETTE,Pégairolles-de-l'Escalette
FORET-SAINTE-CROIX (LA ),Sainte-Croix
CERNAY-L'EGLISE,Cernay-l'Église
VACQUIERES,Vacquiers
LESIGNY,Lusigny
SAINT-ANTOINE-LA-FORET,Saint-Antoine-la-Forêt
BRIERES-LES-SCELLES,Brières-les-Scellés
SAINT-GILLES-DE-CRETOT,Saint-Gilles-de-Crétot
TRAINEL,Traînel
NERONDES,Nérondes
CHEYLARD-L'EVEQUE,Cheylard-l'Évêque
MATELLES (LES),Matelles
NEUVY-SAINT-SEPULCHRE,Neuvy-Saint-Sépulchre
THIEBOUHANS,Thiébouhans
THOIRETTE-COISIA,Thoirette
CHASSEY-LES-SCEY,Chassey-lès-Scey
DESAIGNES,Désaignes
SAINT-PAUL-EN-FORET,Saint-Paul-en-Forêt
MAULEVRIER-SAINTE-GERTRUDE,Maulévrier-Sainte-Gertrude
MORSBRONN LES BAINS,Morsbronn-les-Bains
MOITA,Moïta
VICHERES,Vicherey
MELAMARE,Mélamare
FROESCHWILLER,Eschwiller
FERRIERES-LES-VERRERIES,Ferrières-les-Verreries
TREMAUVILLE,Remauville
CHARBONNIERES,Charbonnières
MONNIERES,Monnières
SAINT-ETIENNE-DE-GOURGAS,Saint-Étienne-de-Gourgas
SAINT-JEAN-DE-BUEGES,Saint-Jean-de-Buèges
ABBEVILLE-LA-RIVIERE,Abbéville-la-Rivière
FONTAINE-MACON,Fontaine-Mâcon
ROVILLE-AUX-CHENES,Roville-aux-Chênes
CLEMONT,Clefmont
ALERIA,Aléria
SOUBES,Soubès
EBATY,Ébaty
CERISE,Cerisy
ETEAUX,Etaux
FONTAINE-LA-RIVIERE,Fontaine-la-Rivière
SAINT-BENOIT-LA-CHIPOTTE,Saint-Benoît-la-Chipotte
FRASNE-LES-MEULIERES,Frasne-les-Meulières
MENIL-SUR-BELVITTE,Ménil-sur-Belvitte
JEANMENIL,Jeanménil
MARIGNY-LES-REULLEE,Marigny-lès-Reullée
CHAMBON-LE-CHATEAU,Chambon-le-Château
DONCIERES,Doncières
PONTCHATEAU,Pontchâteau
LEPIN-LE-LAC,Lépin-le-Lac
PARS-LES-ROMILLY,Pars-lès-Romilly
NEUVE-EGLISE,Neuve-Église
CHANGE,Changey
DREFFEAC,Drefféac
MENESTREAU-EN-VILLETTE,Ménestreau-en-Villette
ARGELES,Argelos
CHALONVILLARS,Châlonvillars
YEBLERON,Yébleron
GUERCHE-SUR-L'AUBOIS (LA ),La Guerche-sur-l'Aubois
SAINT-AUBIN-DE-CRETOT,Saint-Aubin-de-Crétot
MARSEILLES-LES-AUBIGNY,Marseilles-lès-Aubigny
SAINT-EUSTACHE-LA-FORET,Saint-Eustache-la-Forêt
ILE-DE-SEIN,Île-de-Sein
SAINT-CYR-LA-RIVIERE,Saint-Cyr-la-Rivière
BRU,Bou
CEZIA,Cézia
CHISSERIA,Chisséria
SAINT-FELIX-DE-L'HERAS,Saint-Félix-de-l'Héras
SAINT-MICHEL-D'ALAJOU,Saint-Michel
BESSEY-LES-CITEAUX,Bessey-lès-Cîteaux
AUBIGNY-SUR-NERE,Aubigny-sur-Nère
LAMOTTE-DU-RHONE,Lamotte-du-Rhône
CLERMONT-CREANS,Clermont-Créans
XAFFEVILLERS,Xaffévillers
FERCE-SUR-SARTHE,Fercé-sur-Sarthe
BLIGNY-LES-BEAUNE,Bligny-lès-Beaune
CORMOT LE GRAND,Cormot-le-Grand
PESEUX,Piseux
PARIS-L'HOPITAL,Paris-l'Hôpital
SOUANCE-AU-PERCHE,Souancé-au-Perche
LAVANS-LES-DOLE,Lavans-lès-Dole
GRANDCAMP,Grand-Camp
LABATIE D ANDAURE,Labatie-d'Andaure
ADRETS (LES),Adrets
ARGILLIERES,Argilliers
MONTAGNY-LES-BEAUNE,Montagny-lès-Beaune
ECHEVRONNE,Échevronne
BEILLE,Beillé
VOMECOURT,Vomécourt
HELOUP,Héloup
MAIZIERES-LA-GRANDE-PAROISSE,Maizières-la-Grande-Paroisse
SOLIGNY-LES-ETANGS,Soligny-les-Étangs
PETIT-BORNAND-LES-GLIERES,Le Petit-Bornand-les-Glières
SAINT-HYMETIERE,Saint-Hymetière
ECLANS-NENON,Éclans-Nenon
JOURS EN VAUX,Jours-en-Vaux
MONTIGNY-LES-VESOUL,Montigny-lès-Vesoul
CHEVREVILLE,Chèvreville
TRESILLEY,Bresilley
BERNIERES,Bernières
ECHIGEY,Échigey
GELANNES,Glannes
BOLLENE,Bollène
BRISON,Bricon
ARBEOST,Arbéost
BETHONVILLIERS,Béthonvilliers
DEZIZE-LES-MARANGES,Dezize-lès-Maranges
ECHAVANNE,Chavanne
CLEZENTAINE,Clézentaine
FOZIERES,Fozières
CHEVIGNY-EN-VALIERE,Chevigny-en-Valière
NEVY-LES-DOLE,Nevy-lès-Dole
VETRAZ-MONTHOUX,Vétraz-Monthoux
TERRES-DE-CAUX,Terres-de-Chaux
BOUZE-LES-BEAUNE,Bouze-lès-Beaune
ORMOY-LA-RIVIERE,Ormoy-la-Rivière
CHAPELLE-SAINT-MARTIN (LA ),La Chapelle-Saint-Martin
SAINT PATERNE,Saint-Paterne
MAIZIERES,Maizières
PREVELLES,Prévelles
BAGNOLS-EN-FORET,Bagnols-en-Forêt
IVOY-LE-PRE,Ivoy-le-Pré
PREMIERES,Premières
CLEVILLE,Claville
SAVIGNY-LES-BEAUNE,Savigny-lès-Beaune
PERIGNY-LA-ROSE,Parigny-la-Rose
CHATENOIS,Châtenois
LARRE,Arre
SAINT-PRIVE,Saint-Privé
RUFFEY-LES-BEAUNE,Ruffey-lès-Beaune
NOZIERES,Nozières
VERNOY (LE ),Vernoy
